{
    "properties": {
        "__categories": [
            {
                "expanded": true,
                "id": "imageProperties",
                "visible": true
            }
        ],
        "__groups": [
            {
                "expanded": false,
                "id": "preprocessGroup",
                "visible": false
            }
        ],
        "id": {
            "enabled": true,
            "type": "uuid",
            "value": "{06613591-53d8-4c9f-a0f9-21af3cf119d8}",
            "visible": true
        },
        "memoryLocation": {
            "enabled": true,
            "type": "memorylocation",
            "value": "{cb0b8b1e-3496-4b6b-9dab-1bcf6cf9183e}",
            "visible": true
        },
        "name": {
            "enabled": true,
            "type": "text",
            "value": "",
            "visible": true
        },
        "originalType": {
            "enabled": true,
            "type": "integer",
            "value": 1,
            "visible": true
        },
        "outputFormat": {
            "enabled": true,
            "type": "combo",
            "value": 0,
            "visible": true
        },
        "outputHeight": {
            "enabled": false,
            "type": "integer",
            "value": 50,
            "visible": true
        },
        "outputName": {
            "enabled": true,
            "type": "text",
            "value": "n024_96_187",
            "visible": true
        },
        "outputWidth": {
            "enabled": false,
            "type": "integer",
            "value": 82,
            "visible": true
        },
        "preprocess": {
            "enabled": true,
            "type": "boolean",
            "value": false,
            "visible": true
        },
        "preprocessColorMode": {
            "enabled": true,
            "type": "combo",
            "value": 5,
            "visible": true
        },
        "preprocessLocation": {
            "enabled": true,
            "type": "memorylocation",
            "value": "",
            "visible": true
        },
        "sourceBPP": {
            "enabled": false,
            "type": "integer",
            "value": 32,
            "visible": true
        },
        "sourceFormat": {
            "enabled": false,
            "type": "text",
            "value": "png",
            "visible": true
        },
        "sourceHeight": {
            "enabled": false,
            "type": "integer",
            "value": 50,
            "visible": true
        },
        "sourceName": {
            "enabled": false,
            "type": "text",
            "value": "n024_96_187.png",
            "visible": true
        },
        "sourceSize": {
            "enabled": false,
            "type": "integer",
            "value": 5566,
            "visible": true
        },
        "sourceWidth": {
            "enabled": false,
            "type": "integer",
            "value": 82,
            "visible": true
        }
    }
}
